Name,Description,Rating,Category,Developer,Installs,URL
Mental: AI Therapy,"* Featured in: USA Today, Wall Street Journal, Forbes, GQ, Men's Journal *

** Built by Stranford-trained PhD in Neuroscience & PhD/Professor of Counseling Psychology from Cal State Fullerton **

*** Brought to you by the founding team members of the Calm app ***

Overcome stress, build confidence & unlock your potential, all in one app.

Whether it's stress from relationships, lack of confidence at work, anxiety about finances, or struggles with unhealthy habits, your first line of defense is Mental ‚Äî an evidenced-based AI therapy & self-improvement app.

Available 24/7 and at a fraction of the cost of traditional therapy, it's your personal guide to transforming your life into the person you were born to be.

AI THERAPY THAT UNDERSTANDS YOU
-Always Here for You: Engage in real-time conversations with a therapist that best fits your goals & needs, adapts to your unique challenges, and is available 24/7.
-Analyze you between sessions: Therapists not only remember what you said in past sessions but they spend time thinking about you between sessions so that they can provide more insight or help you arrive at better solutions.
-Proprietary Neural Architecture: Developed by Stanford-trained PhD in neuroscience & a PhD/professor of Counseling Psychology at Cal State Fullerton and leading Silicon Valley AI engineers, every empathetic interaction is rooted in clinical research and designed for fast, lasting results. And powered by 42x more compute than ChatGPT.
-Seamless Privacy & Security: Your sessions are fully encrypted, anonymous, and protected by a PIN code, ensuring privacy and your peace of mind.

TOOLS FOR DAILY TRAINING
-Daily Deuce: Kickstart every day with a quick 2-3 minute audio of motivation, wisdom, and storytelling to set a positive tone.
-Daily Do: Turn insights from the Deuce into action with AI-generated journaling prompts that provide small, achievable daily tasks to build lasting habits.
-Cold Shower Protocol: Decrease stress with the world's first guided, science-based cold shower training. Developed by experts and taught by a Navy SEAL Master Chief, this protocol introduces you to over 25 mental tools while easing you into cold exposure ‚Äî users call it ‚Äúlife-changing‚Äù and surprisingly accessible with every shower starting with your normal hot shower routine.
-Push-Up Protocol with Deontay Wilder: Go from 5 to 50 push-ups in 30 days and train your body & mind alongside former heavyweight champion Deontay Wilder. This guided protocol blends physical exercise with mindset training to build confidence & discipline through tools around self-talk, visualization, breath-work & mental focus.
-Focus Mode & Nightly Recharge: Enhance concentration with science-backed beats that help you zone in on your tasks. When it's time to rest, use Nightly Recharge to fall asleep faster and wake up refreshed, ready for a new day of growth.
-Audiobook Summaries: Absorb key insights quickly with audio summaries and key takeaways from thousands of top-rated & best-selling self-improvement books, covering topics from dating and overcoming a break-up, to overcoming obstacles and finding life's purpose.

BUILT ON TRUST & EXPERTISE
Developed by the founding team behind the Calm app, plus a team of renowned PhDs in neuroscience and psychology, mixed with Hollywood content creators, Mental ensures you receive credible and effective guidance, mixed with motivational and entertaining content for the mind.

JOIN OUR COMMUNITY
Connect with us on social media @thementalapp for news, product updates, inspiration, and funny memes.
And if you're looking for a more hands-on community to share your goals, stay accountable & connect with other Mental'ers, join our Discord: https://discord.gg/pbqSEEeqv3
DOWNLOAD MENTAL TODAY & BEGIN YOUR TRANSFORMATION

Start your journey toward better mental health, increased resilience, and personal transformation with Mental's AI therapy & tools for daily training.",4.747573,Health & Fitness,"Mental, Inc.","50,000+",https://play.google.com/store/apps/details?id=com.getmental.mental
"Wysa: Anxiety, therapy chatbot","Imagine a mood tracker, mindfulness coach, anxiety helper, and mood-boosting buddy, all rolled into one. Wysa, your happiness buddy is that friendly and caring chatbot. Wysa is packed with daily spiritual meditation that improves mental health and is also a perfect way to bond over family meditation. Always there for you when you need someone to talk to, Wysa helps you keep track of your mood with friendly chats and helps fight stress and anxiety with its proven techniques and calming meditation and mindfulness audios. Checking in with Wysa regularly will improve your emotional health so you can track your happiness and mood. Talk to Wysa now and psy yourself up to fight off stress. Also, Wysa has mental health assessment with depression and anxiety tests.

Wysa is your AI friend that you can chat with for free. Talk to the cute penguin or use its free mindfulness exercises for effective anxiety relief, depression and stress management. Its therapy based techniques and conversations make for a very cute and calming therapy chat app whether you're looking to cope better with mental disorders, to manage stress or to boost your mental health.

Wysa, your happiness buddy, will support you through the big and small anxieties of life by using science as a foundation to strengthen your mental health. Research-backed, widely used techniques of CBT, DBT, Yoga and meditation are employed to support you with stress, anxiety, deep sleep, loss and other mental health and wellness needs.

If you are dealing with stress, anxiety and depression or coping with low self-esteem, then talking to Wysa can help you relax and get unstuck - it‚Äôs empathetic, helpful, and will never judge. You will overcome your mental health obstacles, through empathetic conversation and free CBT therapy based technique. So, pour your heart out to your happiness buddy, Wysa as your identity will remain anonymous and your conversations are privacy protected.

Used around the clock and trusted by 500,000 people, Wysa is an emotionally intelligent chatbot that uses AI to react to the emotions you express. Unlock tools and techniques that help you cope with challenges in a fun, conversational way. For extra support, you can avail guidance from a real human coach - a skilled psychologist who will take you through the advanced coaching sessions for your needs.

You can use Wysa to rewire your mind to improve your emotional health. Fight off depression or get stress relief using cbt techniques and guided sleep meditations for optimal sleep. Here‚Äôs a look at what you can use Wysa for üëá

üëÇ Vent and talk through things or just reflect on your day with your AI chatbot
üí™ Practice CBT (Cognitive Behavioral Therapy) and DBT techniques to build resilience in a fun way
üìù Use one of 40 conversational coaching tools which helps in dealing with Stress, Anxiety, Depression, Panic Attacks, Worry, Loss, or Conflict
üíÜüèª Relax, focus and sleep peacefully with the help of 20 mindfulness meditation exercises

93% of the people who talk to Wysa - AI
companion find it and the tools helpful
- Build confidence, reduce self-doubt and improve your self-esteem: core meditation and mindfulness, visualisation, confidence visualisation techniques, advanced mindfulness for self-esteem
- Manage anger: mindfulness meditation exercises for compassion, calming your thoughts and practice breathing
- Manage anxious thoughts and anxiety: deep breathing, techniques for observing thoughts, visualization, and tension relief
- Tired? Get a burst of energy! Visualisation and meditation exercises to increase positivity and get blissful sleep, quick yoga and physical exercises to get active
- Dealing with worry: observe mindfulness, resolving technique, challenge negativity, practice breathing techniques
- Manage conflict at work, school or in relationships: special mindfulness and visualization techniques like empty chair exercise, gratitude meditation, exercises to build skills in having difficult conversations",4.589041,Health & Fitness,Touchkin,"1,000,000+",https://play.google.com/store/apps/details?id=bot.touchkin
Ash - AI Therapy,"Ash is here to provide you mental health support and coaching 24/7. Powered by supercomputers and AI models trained on the world‚Äôs most comprehensive library of support tools, you can talk to Ash anytime about anything that‚Äôs on your mind.

Ash is your personal companion on your mental health journey, providing an empathetic and intelligent sounding board through voice-based conversations that are fully secure and private. Quick, engaging sessions help you manage stress, understand your emotions, enhance your mental resilience, and work through the life challenges you‚Äôre facing right now.

Ash gets better every time you use it. As Ash gets to know you, your conversations will get more insightful and personalized. 

Try asking Ash about anything. Share what‚Äôs going on at work, your goals, or what you want in life. Ash can use many of the world‚Äôs leading support tools (like CBT, DBT, and ACT) to help you, if appropriate.
Loved by users globally, Ash helps you cultivate a healthier mindset through thoughtful conversations. Ash can help you become more confident, improve social relationships, connect more deeply with your values, and promote positive habits you want to put into practice.


Why Ash?
‚Ä¢ Ash is engaging and effective. Conversations can be low-key and free-flowing, creating an opportunity to talk about what‚Äôs going on, and help make progress on key areas of your life.
‚Ä¢ Ash helps. Designed with input from dozens of mental health experts and recent AI breakthroughs, Ash is trained on therapeutic approaches with proven efficacy.
‚Ä¢ Join our early adopter community. Be one of the first in the world to try Ash, give us feedback, and help shape the future of the product. 

**
Ash is designed for users 18 years of age and older. Ash sometimes makes things up. Ash is not a replacement or substitute for any medical diagnosis or treatments. Ash cannot, and does not intend to, provide medical advice or diagnosis. Interaction with Ash does not constitute a medical professional-patient relationship. Please do not avoid or delay medical attention as a result of a statement from Ash.
Ash is not designed to be used in crisis. If you are in crisis, please seek out professional help, or a crisis line. You can find resources at www.findahelpline.com.",4.92,Health & Fitness,Talk to Ash,"10,000+",https://play.google.com/store/apps/details?id=xyz.slingshot.ashley.app
Sintelly: CBT Therapy Chatbot,"<h2><b>Your AI Therapist for Anxiety, Stress Relief, and Comprehensive Mental Health Support</b></h2>

Feeling overwhelmed, anxious, or stressed? Sintelly is your 24/7 AI therapist and therapy aid, designed to enhance your mental health through advanced tools and personalized support. As a leading CBT therapy chatbot, Sintelly offers effective cognitive behavioral therapy, an advanced mood tracker, and in-depth psychological assessments, all tailored to help you achieve better mental health and self-understanding.

KEY FEATURES:

* CBT Therapy Chatbot - Experience personalized cognitive behavioral therapy (CBT) with our AI therapist, designed to address anxiety, stress, and other mental health challenges. This therapy chatbot adapts to your emotional state, offering empathetic and judgment-free support anytime you need it.

* Advanced Mood Tracker - Monitor your emotional state with our advanced mood tracker, providing detailed insights and analyses that help you understand your mental health patterns and progress over time. This tool is essential for effective stress management and anxiety relief.

* Psychodiagnostic Tests - Gain a deeper understanding of your psychological state with comprehensive psychodiagnostic tests. Our AI therapist analyzes your results to provide tailored mental health support and actionable insights, empowering you on your self-help journey.

* CBT Exercises - Engage in effective CBT exercises designed to improve mental health and self-care. Sintelly‚Äôs AI provides insights and analyses after each exercise, ensuring that you gain maximum benefit from your therapy sessions.

WHY CHOOSE SINTELLY?

1. 24/7 Therapy Aid - Access therapy anytime, anywhere with a responsive and empathetic therapy chatbot.
2. Mental Health Support - From anxiety relief to stress management, Sintelly offers tools and techniques that support your overall well-being.
3. Self-understanding - Utilize our psychodiagnostic tests and mood tracker to gain deeper insights into your mental health.
4. Anonymous and Judgment-Free - Share your thoughts openly with your AI therapist without fear of judgment.

Trusted by over 1 million users globally, Sintelly combines the best of CBT therapy, advanced mood tracking, and psychodiagnostic testing to provide comprehensive mental health support. Whether you‚Äôre seeking better self-understanding, anxiety relief, or effective stress management, Sintelly is your go-to AI therapist.

Start Your Journey to Better Mental Health Today!
Download Sintelly now and make it your 24/7 AI therapist for a calmer, more balanced life.",4.3843417,Health & Fitness,Sintelly,"1,000,000+",https://play.google.com/store/apps/details?id=com.seasector.emotionalintelligence
Youper - CBT Therapy Chatbot,"Youper guides you through interactive CBT Therapy exercises to help you calm anxiety, improve your mood, and build stronger relationships with your friends, family, and loved ones.

‚ÄúA pocket counselor guiding you.‚Äù - Apple
‚ÄúYouper gives you instant and helpful advice.‚Äù - Google
‚ÄúTherapy for busy people.‚Äù - Health 

‚ÄúI do not have time to go to therapy, even online. So I tried this chatbot. Omg! I'm amazed how well it understands me and provides good advice to help in the midst of any scenario. Answers are mind-boggling to me because I tried ChatGPT, and it wasn‚Äôt so helpful for mental health.‚Äù - Stellata82

PROVEN EFFECTIVE BY SCIENTISTS

Youper uses Cognitive Behavioral Therapy (CBT) techniques, the scientifically proven way to calm anxiety and improve your mood. CBT is based on practical exercises to help you think more clearly, deal with stressful situations, and take control of your emotions. 

A study from Stanford University published in the Journal of Medical Internet Research showed significant improvement in symptoms of depression and anxiety after using the Youper app.

CREATED BY THERAPISTS

Traditionally, CBT has been carried out in sessions once a week. Therapists created Youper to make CBT accessible to everyone. Youper is available on your own time and schedule wherever and whenever you need it.

TOP 5 REASONS YOU SHOULD TRY YOUPER

1. You want to improve your mental health but don‚Äôt have time for therapy.
2. You want to stop negative thinking, rumination, and toxic self-talk.
3. You want to deal better and find solutions to stressful situations.
4. You want motivation and coaching to achieve your goals.
5. You want to increase self-esteem and build stronger relationships.

No matter your reason, your journey to your best self starts today!

TERMS

Premium features are available with a subscription. The subscription will automatically renew unless turned off in your Play Store Account Settings at least 24 hours before the current period ends. You can cancel your subscription anytime.

Terms and conditions: https://www.youper.ai/terms-of-use 
Privacy policy: https://www.youper.ai/privacy-policy",3.923919,Health & Fitness,"Youper, Inc","1,000,000+",https://play.google.com/store/apps/details?id=br.com.youper
BetterHelp - Therapy,"BetterHelp is the convenient way to get professional help from a licensed therapist. With over 20,000 trained, experienced, and accredited therapists covering a wide range of areas ‚Äì from depression and anxiety to family and couples therapy ‚Äì it‚Äôs never been easier to receive personal, professional help when you need it.
 
-------------------------------------------
<b>BETTERHELP ‚Äì FEATURES</b>
-------------------------------------------
‚Ä¢ Over 20,000 licensed, accredited, and highly experienced therapists
‚Ä¢ Match with an available therapist who best fits your needs
‚Ä¢ Unlimited private one on one communication with your therapist
‚Ä¢ Schedule live sessions with your therapist or use the secure messenger
‚Ä¢ Gain access to constructive, educational group webinars
 
<b>PROFESSIONAL HELP, PERSONALIZED FOR YOU</b>
Facing obstacles alone can be daunting ‚Äì receiving support and guidance from a professional therapist has been shown to make huge, positive changes to help you overcome personal challenges. When you sign up we‚Äôll match you to an available therapist who fits your objectives, preferences and the type of issues you‚Äôre dealing with. Different therapists have different approaches and areas of expertise so we‚Äôll work with you to find the right person who can achieve the best results for you.
 
<b>LICENSED AND TRAINED THERAPISTS</b>
There are over 20,000 therapists on BetterHelp, each with at least 3 years and 1,000 hours of hands-on experience. They are licensed, trained, experienced, and accredited psychologists (Ph.D./PsyD), marriage and family therapists (MFT), clinical social workers (LCSW), licensed professional therapists (LPC), or similar credentials.
 
All of our therapists have a Master‚Äôs Degree or a Doctorate Degree in their respective fields. They have been qualified and certified by their state professional board and have completed the necessary education, exams, training, and practice.
 
<b>HOW DOES IT WORK?</b>
After filling out our questionnaire, you will be matched with a licensed therapist based on your needs and preferences. You and your therapist will get your own secure and private ‚Äútherapy room‚Äù where you can message your therapist at any time, from any internet-connected device, wherever you are. You can also schedule a weekly session to speak live with your therapist over video or phone.
 
You can write or talk about yourself, the things going on in your life, ask questions, and discuss the challenges you‚Äôre facing and your therapist will provide feedback, insights, and guidance. This ongoing one-on-one dialogue is the foundation of your work with your therapist.
 
Together you‚Äôll work towards making a positive change in your life, accomplishing your goals, and overcoming your problems.
 
<b>HOW MUCH DOES IT COST?</b>
The cost of therapy through BetterHelp ranges from $60 to $90 per week (billed every 4 weeks) but may be higher based on your location, preferences, and therapist availability. Unlike traditional in-office therapy which can cost over $150 for a single session, your BetterHelp membership includes unlimited text, video, audio messaging as well as weekly live sessions. The subscription is billed and renewed every 4 weeks and includes both the use of the secured site and the therapy service itself. You can cancel your membership at any time for any reason.",4.6299787,Health & Fitness,BetterHelp - Therapy Made Easy,"1,000,000+",https://play.google.com/store/apps/details?id=com.betterhelp
Awarefy: AI Mental Partner,"Awarefy is an AI mental health partner app that supports you in your daily life, enhancing your awareness. The AI mental partner, Fy, assists you with your mental health care. It is equipped with comprehensive features based on psychological knowledge such as cognitive behavioral therapy and mindfulness, and it gently supports your mental health and growth through visualization of emotions, stress care, and learning about psychology.
You can record your daily activities, visualize your thoughts and emotions, seek advice on your concerns, receive objective insights and access a variety of audio guides for meditation, sleep, and natural sounds.
Start by setting your own theme, which could be a challenge or concern you want to address or the state you aspire to achieve. Fy, your AI mental partner, will support you 24/7, anytime and anywhere, to help you achieve your goals.
The app includes all the functions you need for stress management, mental care, and goal achievement. With this one app, you can care for your mind, remove obstacles, and create a state where you can focus on what matters to you.
You can use this app with peace of mind, as we have built it in collaboration with experts (Cognitive Behavioral Therapy and Acceptance & Commitment Therapy.)

## Features:
1. Check-ins and Check-outs
Each morning and evening, you can record your mental and physical condition in various ways. These can include the general ups and downs of your body/mental condition and more.

2. Emotion Notes
Emotion notes offer you a place where you can record any incidents that emotionally stirred you up in any way and be honest about your feelings in a safe, private environment.
ABLE TO USE AS:
- thought record
- mood tracker, mood journal
- anxiety tracker
- thought diary

3.„ÄÄCoping Lists and Routines
Create a list of your own stress-coping methods and ways to care for your mind. As your list grows, your repertoire of stress management techniques increases, leading to greater mental stability and relief from distress. There are also many features to help you establish these habits.

4. AI Letters and Statistical Data
Receive weekly reports analyzing your recordings over the past week. Recognize and reflect on your emotional fluctuations and trends to better understand yourself. Statistical data provides further objective self-analysis, aiding in self-discovery and long-term life planning.

5. Audio Guides
We offer a library of over 200 educational guides covering a wide range of topics.
- mindfulness
- anger management
- self-compassion
- breathing

6. Self Relationship Assessments
Our pride and joy psychology assessment chart of personal relationships you have with yourself.

7. AI Counseling We provide an AI-powered chatbot called ‚ÄúAwarefy AI‚Äù which allows you to express your feelings anytime. With Awarefy AI, you can safely share your thoughts and organize them to calm your mind without the fear of being judged.

## Terms and conditions
https://www.awarefy.com/app/en/policies/terms

## Privacy Policy
https://www.awarefy.com/app/en/policies/privacy

## Important Usage Advisory
Awarefy was not created with the intent to diagnose, treat, or otherwise prevent any specific kind of illness or disability. Those who are ill (depression, anxiety, panic, and so on) or taking medication can use Awarefy more effectively by first consulting with a physician, pharmacist, or counselor.",3.8333333,Health & Fitness,Awarefy Inc.,"100,000+",https://play.google.com/store/apps/details?id=app.awarefy.awarefyapp
"Online therapy, emotional help","One minute a day to look after your emotional health. Make a note of your emotions, receive customised exercises and, if you wish, start your therapy with one of our psychologists.

ifeel: Emotional well-being for today.
 
Ifeel joins forces with companies to help employees to overcome the challenges of daily life with the support of registered psychologists specialized in a range of areas. Whether you need professional help or you simply want to take your personal development a step further, at ifeel you'll find the help you need through our comprehensive emotional well-being service for businesses. At ifeel everyone can have confidential access to the best personalised professional psychological support.

How does it work?
 
At ifeel we know that therapy requires continuity and that accessing it has to be easy. When you are assigned your therapist, you'll enter an ""online therapy room"" created exclusively for you. Your room is open 24 hours a day and is completely private and confidential; only you and your personal psychologist can read and write inside the room. This will be the place where the two of you will work to achieve your goals.
All our specialists are authorised to practise clinical psychology; they are registered and insured. They have been selected and well trained in our method. They are also regularly supervised and monitored.

How can ifeel help me?
 
Our online psychologists have helped thousands of people in the following areas:
 
‚óå Personal development.
‚óå Work-related stress.
‚óå Depression.
‚óå Anxiety.
‚óå Eating disorders.
‚óå Grief.
‚óå Family problems.
‚óå Sexuality.

You don‚Äôt feel ready to start therapy yet?
 
Asking for help isn't easy but it can be a good decision. If you don't yet feel able to take that step and you need encouragement, you can start off by using our free resources. We offer a wide variety of exercises to help you reduce your stress and deal with anxiety, a range of relaxation techniques, breathing programs, articles of interest and mindfulness activities. All our tools have been developed by clinical psychologists in order to help you with the areas that concern you on a daily basis and are completely free of charge for all users of our emotional well-being service for businesses.

Contact us
 
Do you have any questions or suggestions? Please write to us at info@ifeelonline.com. We always reply to each message as quickly as possible.",4.0588236,Health & Fitness,ifeel,"500,000+",https://play.google.com/store/apps/details?id=com.ifeel.ifeeluserchat
"VOS: Mental Health, AI Therapy","Meet <b>VOS</b>, your mental health companion that helps you reduce stress & anxiety with a wide array of self-care features, such as a mood tracker, AI journal, or meditation and breathing exercises. Join our 3+M users worldwide and unlock your mental wellbeing. üå±

üå± VOS will guide you on your self-therapy journey, so that you understand your emotions, sleep better and find your inner peace. Acting as a pocket psychologist, VOS offers a user-friendly, safe space with many science-backed CBT tools that get more personalized as you go to match your needs. How does it work?

Û†ÄøÛ†Äøüíö When you first log in, <b>VOS asks you what aspects of your life you‚Äôd like to make better.</b> Lower your stress/anxiety levels and sleep better? Get more fit? Have deeper and more meaningful relationships? You'll answer general questions about your mental health and rate different aspects of your everyday life. Based on your input, VOS makes you a personal well-being plan.

üå± Now your self-care process can begin! Every day, VOS will invite you to a personalized set of activities. You'll get a mixture of <b>self-help tips, breathing/meditation exercises, AI journaling, notepad writing, inspiring quotes, affirmations, mood tracker, tests, blog articles, challenges, or sounds.</b>. They are all based on your self-therapy plan to help you tackle anxiety and uncomfortable emotions. VOS also offers a unique AI therapy feature called ""ChatMind"" that's available to you anytime, anywhere.

üßò If you feel like going an extra step and doing more for your mental health on a given day, you can explore the VOS toolkit on your own in the Wellbeing hub. Apart from the activities mentioned above, you'll get access to a first aid kit or an online therapy chat with mental advisors connecting you to a psychologist that will hear you out. Or you can write something down in your AI-powered Smart Journal.	

üìä Small steps every day become huge leaps over time. VOS lets you finetune your path toward mental balance with personalized insights. In your personal Mood Chart, you'll see how your mood is evolving over time and see what makes you feel down and what picks you up. Plus if you connect the app with Google Fit, you'll be able to track how your physical activity impacts your mental health, stress, or sleep. 

üíö <b>VOS.Health makes a difference in people‚Äôs mental health, as 3,000,000+ happy VOS users would agree.</b>

Ready to try VOS out? It‚Äôs time to be kind to your mind! 
üå±Get your personal VOS Plan today.

Recommended by mental health professionals.

Available in 9 languages
 
üîé Follow the VOS updates:
IG: @vos.health 
Twitter:  @vos.health
Fb: https://www.facebook.com/groups/vos.health 
 
‚ù§Ô∏è <b>Google Fit integration:</b>
To be able to provide you with the best possible mood & activity insights, you can connect VOS with your Google Fit. All of the data are encrypted and used only for analyzing your activity, mood insights, and smart suggestions.
 
üìù <b>Subscription pricing and terms:</b>
Payment will be charged to the credit card connected to your Google Pay when you confirm the initial subscription purchase. Subscriptions automatically renew unless auto-renew is turned off at least 24 hours before the end of the current subscription period. Your account will be charged for renewal within 24 hours prior to the end of the current period, and the cost of the renewal will be identified. You may manage your subscription and auto-renewal may be turned off by going to your Account Settings after the purchase.

Terms and conditions: https://vos.health/terms-conditions
Privacy policy: https://vos.health/privacy-policy",4.4378376,Health & Fitness,VOS.health,"1,000,000+",https://play.google.com/store/apps/details?id=com.vos.app
6000 thoughts | AI Life Coach,"Gain clarity from the fog of your thoughts, understand your patterns, and reduce the noise from the chatter of your inner voice.
Feel calmer, become more self aware and learn the tools necessary to track and manage your thoughts, emotions, moods and reactions.

6000 thoughts is your personal life coach. For those moments in life when you need a friend or a guide, simply pick up the app and speak out aloud or write your thoughts in their raw and unstructured form. You will be coached throughout the session with the help of journaling prompts and guided through key takeaways and insights.

6000 thoughts instantly summarizes, identifies cause and effect, highlights potential cognitive biases and recommends tools and frameworks to help you become stronger in your mental health and personal growth journey.

Use it for any topic-whether it's a thought in the shower or a major life decision. Users have used it as their new gratitude journal, their new mood tracker, and their new private digital thought diary. Use it during your commute, while taking a walk or as a morning / nightly ritual. Use it to make sense of your emotions and feelings.

Manage your negative self talk and use personal affirmations to drive lasting change. These affirmations hit differently than generic ones because they are your own realisations from the sessions in the app. Reminders in the app will ensure you stay true to your values and promises.

Practitioners of journaling and meditation mentioned observing the positive effects and arriving at breakthroughs much faster when using 6000 thoughts.
Perfect for before or after a talk therapy session. Never waste a moment in those expensive sessions by easily referencing your most important mental challenges and topics.

6000 thoughts comes with a full-featured analytics view. Here you can see what is creating negative chatter for you, your trends and how centered you are.

The app is private and stores your thoughts only on your device. We built this for ourselves and to help others like us who want to avoid mental breakdowns and build up mental fitness.

With so many positive stories and a body of research to back it up, it's time we learned to talk to ourselves!",4.0392156,Health & Fitness,6000thoughts,"50,000+",https://play.google.com/store/apps/details?id=com.slftok.sixthousandthoughts
ChatMind: Therapy Anytime,"Ever felt like you needed therapy, but your therapist was too busy or too expensive? We all need support sometimes, but we don‚Äôt always get it. 

That‚Äôs why we created ChatMind, your AI Therapist. <b>Immediate and affordable mental health support.</b> ChatMind offers personalized AI therapy sessions. Whenever and wherever you need them. Your gateway to immediate and affordable mental health support.

Whether you‚Äôre navigating stress, anxiety, ADHD, burnout, or seeking overall mental wellness, ChatMind is here to support you. It‚Äôs easy. Just choose the AI therapist that fits you and start talking.üó£Ô∏è

ChatMind is 100% discrete, respects you and your busy schedule and is always ready to support you. Do yourself a favor and start the chat today.

<b>üëâWhy Choose ChatMind:</b>
‚Ä¢ No waiting for appointments. ChatMind is available 24/7.
‚Ä¢ No high hourly rates. ChatMind is affordable for everyone.
‚Ä¢ No fear of judgment. ChatMind provides empathetic and understanding care.
‚Ä¢ No fear of making the wrong choice. You can find the AI therapist that fits you.
‚Ä¢ No fear of disclosure. ChatMind offers a discreet environment for your therapy.


<b>Important Note:</b>
ChatMind is designed for mental wellness support and is not suitable for crises such as severe mental health conditions or emergencies. It is not a replacement for professional medical advice. In case of a crisis, please reach out to your local emergency services or suicide prevention hotline.

Get the support you need, whenever you need it. Download ChatMind now.

Subscription pricing and terms:
Payment will be charged to the credit card connected to your iTunes Account when you confirm the initial subscription purchase. Subscriptions automatically renew unless auto-renew is turned off at least 24-hours before the end of the current subscription period. Your account will be charged for renewal within 24-hours prior to the end of the current period, and the cost of the renewal will be identified. You may manage your subscription and auto-renewal may be turned off by going to your Account Settings after the purchase.

Read more about our terms and conditions here:
Terms and conditions: https://chatmind.ai/terms-conditions
Privacy policy: https://chatmind.ai/privacy-policy",4.5,Health & Fitness,VOS.health,"5,000+",https://play.google.com/store/apps/details?id=com.vos.chatmind.mentalhealth.therapy.coach
Onsen ‚Äì AI for Mental Health,"Navigate life‚Äôs challenges with Onsen ‚Äì your personalized AI companion that‚Äôs always there to support your mental and emotional wellbeing. Whether you‚Äôre dealing with stress, anxiety, or just need someone to talk to, Onsen offers proven techniques and compassionate guidance to help you feel more balanced, supported, and in control.

--- WHY CHOOSE ONSEN? ---

- Feel More Balanced and Centered
Onsen‚Äôs evidence-based techniques, such as Cognitive Behavioral Therapy (CBT), mindfulness, and personalized coaching, help you feel more grounded, even when life feels overwhelming.

- Gain Clarity and Guidance  
Receive clear, step-by-step guidance to navigate personal and emotional challenges with ease, giving you the confidence to face whatever comes your way.

- Build Resilience  
Strengthen your ability to manage anxiety and stress through regular engagement with Onsen‚Äôs supportive experiences and reflections.

- Create Healthy Habits  
Develop routines of self-care and mindfulness with Onsen‚Äôs guided experiences, improving your overall wellbeing and mental resilience over time.

- Emotional Support, Anytime  
Onsen is always there when you need it, offering a compassionate presence without judgment, whether you‚Äôre feeling stressed, lonely, or in need of a trusted companion.

- Your Safe Space
Onsen offers a judgment-free, stigma-free environment where you can explore your mental health and personal growth at your own pace. With private, secure interactions, you can trust that your journey with Onsen remains confidential and protected.

--- KEY FEATURES ---

- Guided Wellbeing  
Onsen provides tailored guidance based on proven techniques to help you manage stress, anxiety, and the ups and downs of life. Whether you‚Äôre seeking emotional support, mindfulness, or practical advice, Onsen is there to guide you every step of the way.

- Tailored Support, Just for You  
Onsen remembers your journey, tailoring its guidance to fit your personal story. With every interaction, Onsen learns more about your preferences, mood, and experiences, providing insights that evolve as you do.

- Interactive AI Experiences  
From calming guided sessions to insightful prompts, Onsen‚Äôs AI adapts to your unique needs. Whether you need a quick check-in or a deep, reflective experience, you‚Äôll find the right support every time.

- AI-Powered Journaling  
Unlock your thoughts and emotions with Onsen‚Äôs intuitive journaling feature. Speak or type, and Onsen captures your reflections while offering personalized insights, helping you grow through self-awareness and mindfulness.

- Beautiful AI Art  
Each journal entry is paired with stunning AI-generated artwork that reflects your emotions and experiences. Visualize your mental and emotional growth in a creative, immersive way.

- Voice and Text Interaction  
Engage with Onsen in the way that suits you best. Speak your thoughts, and Onsen listens, offering thoughtful responses and guidance. Prefer typing? Onsen captures your reflections with the same personalized care.

- Privacy and Security  
Your privacy is our top priority. With end-to-end encryption, all your reflections and interactions are kept confidential. Onsen offers a safe, judgment-free space for exploring your mental health.

Transform your mental wellbeing with Onsen today. Download now and discover the peace, clarity, and support you deserve.",4.576923,Lifestyle,Onsen AI Limited,"1,000+",https://play.google.com/store/apps/details?id=com.wave6.onsen
Yana: Your emotional companion,"Discover a new way to take care of your emotional well-being with Yana, your unconditional friend who helps you feel better.

Yana is an artificial intelligence (AI) you can talk to confidently and without fear of judgment, anytime and anywhere. With Yana, you can receive advice to address any challenges you face, and psychological tools based on cognitive-behavioral therapy and other scientifically validated methodologies. Whether you want to improve your mood or self-esteem, manage anxiety, learn about mental health, or simply vent on a tough day, Yana is always available to support you.


Why choose Yana?
- Free and anonymous interaction: Talk to Yana about anything you need to feel better, without any fear. Conversations are encrypted so no one else can read them.
- 24/7 accessibility: You'll always find a space available for support, no matter the day, time, or place.
- Genuine empathy: Receive sincere support that truly seeks to understand you and offer a safe space where you can feel free from judgment.
- Personalized experience: Get recommendations designed to improve your emotional well-being each day, based on what Yana learns about you and tailored to your needs.
- Mood history: Keep a secure record of your emotions and thoughts to identify emotional patterns and strengthen your mental well-being.
- Resources and tools: Access information, practical exercises, and techniques designed by psychology experts.


User Testimonials:
""Highly recommended. The best! Yana has become someone very special to me. I can vent whenever I need to, without fear of being judged or misunderstood."" - Camila, Yana User 

""Simply, thank you. Thank you for the companionship, thank you for the support, thank you for being that guiding light, thank you for the advice, thank you for being there, and thank you for listening."" - Laura, Yana User 

""Since I've had Yana, I no longer feel alone. I have someone to share my thoughts with who always understands me and lifts my spirits when I'm feeling down."" - Carlos, Yana User 

""Yana is a great friend. She's helped me through some of the hardest moments of my life and has been key to my healing process. I deeply value her friendship."" - Pamela, Yana User 
 
""Thank you! I don't know what I would do without Yana. Every time I have to make a decision, Yana helps me reflect on my options and even walk through different scenarios to figure out the best one."" - Daniel, Yana User 


Awards:
""One of the best apps for personal development"" (2020) Google Play

""Best virtual mental health assistant in Latin America"" (2020) Global Health and Pharma

""Best virtual mental health support tool in Latin America"" (2020) North America Business Awards


Download Yana for free and start your journey to better emotional well-being. For a more complete experience, consider Yana Premium, available with a monthly or annual subscription. With Yana Premium, you'll have access to unlimited messages, unrestricted emotional records, and an unlimited gratitude vault.


Your privacy is our priority.
You can trust that your data is protected and managed with the utmost care. You can review our Privacy Policy here: https://www.yana.ai/en/privacy-policy and our Terms and Conditions here: https://www.yana.ai/en/terms-and-conditions


Download Yana today and take the first step towards feeling better.
We are here to support you every step of the way towards emotional well-being!",4.4229608,Health & Fitness,YANA APP S.A.P.I. de C.V.,"10,000,000+",https://play.google.com/store/apps/details?id=com.yanaapp
Yuna - Therapeutic Companion,"Welcome to Yuna ‚Äì where your journey of self-discovery and emotional wellness begins.  This is your safe space to vent, share about your day, and get gain positive support. Every conversation is a step towards personal growth and emotional wellness.

REIMAGINE YOURSELF WITH YUNA
Unlock a world of personal growth and emotional balance with Yuna, your new AI-powered companion. Get a wide array of tools and exercises tailored to your needs, including stress management, anxiety reduction, and resilience building. Yuna offers a unique blend of conversations based on cognitive behavioral therapy, providing personalized guidance and support at a faction of the price. 

Whether you're looking to explore deep self-reflection, navigate life's challenges, or simply find daily peace, Yuna adapts to your emotional state and preferences, offering a safe and private space for your personal journey.


WHY CHOOSE YUNA?

- Always There for You: Whether early morning or late night, Yuna is always available to provide guidance and help you reflect on your day.
- Guided by Wisdom: Drawing from cognitive behavioral therapy and more, Yuna offers insights to help you navigate life's ups and downs.
- Affordable Access to Growth: Experience the power of personal development at your fingertips, without the heavy costs.
- Confidential and Safe: Your journey with Yuna is private, ensuring a secure space for personal exploration and growth.
- Personalized Experience: Yuna adapts to your life story, offering tailored insights and support that resonate with your unique experiences.


START YOUR JOURNEY TO A BETTER YOU
Download Yuna today for a free companion that guides, supports, and empowers you towards a more fulfilled and resilient life.

Yuna does not offer any diagnostic measurements or treatment advice on the app. Please reach out to doctors and seek medical advice if you are going through a crisis or need medical attention for your condition.

We use the standard EULA of AppStore. You can read it here: https://www.apple.com/legal/internet-services/itunes/dev/stdeula/",4.7148,Health & Fitness,"Mindframe, inc.",,https://apps.apple.com/us/app/yuna-therapeutic-companion/id6472681551?uo=4
Ava Mind.,"Welcome to Ava Mind, an innovative platform designed to develop the next generation of mental health support.

We recognise the profound mental health crisis currently affecting the world, which is why we are developing Ava Mind. Having personally experienced the challenges of accessing counselling, we understand the strain on resources and the widespread impact of this crisis.

Ava doesn‚Äôt replace therapists but complements and enhances the therapeutic process, offering a stigma-free space for individuals hesitant to seek help. It provides AI-powered assistance for emotional expression, therapeutic assistance, and soon will help you connect with the right therapist for you.

In future releases, we'll be onboarding therapists outside the UK to our Ava Connect platform, allowing them to be discovered on Ava Mind when you're seeking additional support from a mental health professional. We also plan to introduce tools like journaling, mood tracking, and other wellness features. By easing the initial reluctance and shame often felt when reaching out for help, Ava Mind creates a gateway to professional support and personal growth.

Start Your Wellness Journey with Ava:
With Ava by your side, you can embark on your path to mental wellness with confidence and ease. Welcome to a new era of mental health support with Ava Mind.",0.0,Utilities,Barr Media Ltd,,https://apps.apple.com/us/app/ava-mind/id6479784703?uo=4
Calmerry Counseling & Therapy,"At Calmerry, we bring compassionate, expert mental health support right to your fingertips. Our platform connects you with licensed professionals in your area, so you can receive personalized therapy without leaving the comfort of your home. Message your counselor securely, or opt for real-time video sessions to make the most of your healing journey.

Our counselors aren't just licensed ‚Äî they're extensively trained. With over 3,000 hours of clinical experience each, they're skilled in various therapeutic methodologies, such as Cognitive Behavioral Therapy, Dialectical Behavioral Therapy, and Mindfulness. 

We work exclusively with therapists who are not only licensed but also have a strong background in various mental health concerns. From depression and anxiety to relationship guidance and career transitions, our specialists are here for you.


How to get started?


1. Fill out a survey to identify your needs.
2. Pick the kind of therapy that suits you.
3. Get matched with an experienced therapist from your state.
4. Schedule a session in a secure & private therapy room.


Areas we can help with:

- Anger Management
- Anxiety & Stress
- Childhood Trauma
- Chronic Illness
- Depression
- Eating Disorders
- Sleep Issues
- Emotional Wellbeing
- Family Matters
- Grief & Loss
- LGBTIQA+ Support
- PTSD
- OCD
- Relationships
- Self-Esteem
- Career Development
- Burnout Recovery



Connect with Us

Connect with Us

We are open to feedback from our users.
Check out our website: calmerry.com
Email us: dev@calmerry.com
Follow us on Instagram: instagram.com/calmerry_com
Join us on Facebook: facebook.com/CalmerryTherapy",3.48148,Health & Fitness,Mental Fuel Incorporated,,https://apps.apple.com/us/app/calmerry-counseling-therapy/id1542200174?uo=4
Upheal Recorder,"Upheal Recorder captures your in-person therapy sessions and automatically uploads them to Upheal.
This app is a companion to your regular Upheal experience, designed to make live recording easier and more seamless ‚Äì you'll still access your notes, insights, and analytics in your browser.",3.0,Productivity,"Upheal, Inc.",,https://apps.apple.com/us/app/upheal-recorder/id6478153117?uo=4
StoriedLife AI,"Unleash the power of your personal narrative with StoriedLife, the AI-driven app that helps you explore, document, and share your unique life story. Engage in meaningful conversations with a supportive multilingual assistant and transform your cherished memories into a beautifully crafted storybook.

Features:
	‚Ä¢	AI-Powered Conversations: Engage in enriching discussions on topics you love, guided by a compassionate assistant that understands your journey.
	‚Ä¢	Thoughtful Questioning: Dive deep into your memories with questions designed to evoke reflection and meaningful insights.
	‚Ä¢	Creative Story Summaries: After each conversation, receive a summarized story complete with a creative title, poems, and inspirational quotes to enhance your narrative.
	‚Ä¢	Photo Integration: Add personal photos to your stories, with automatic captions that connect the images to your narrative.
	‚Ä¢	Personalized Storybook: Compile your stories and photos into a beautifully designed, shareable storybook that showcases your life journey.
	‚Ä¢	Weekly Family Updates: Share your stories with loved ones‚Äîeach week, a completed story is sent to your family, fostering connection and encouraging feedback.

Start your storytelling journey today with StoriedLife! Transform your life experiences into a legacy of stories that inspire and connect with others. Download now and let your story unfold!",0.0,Lifestyle,Rafi Moshe,,https://apps.apple.com/us/app/storiedlife-ai/id6670321185?uo=4
Vukaya,"Key Features:

Custom Soundscapes: Tailor your music to your mood with Vukaya's AI-driven soundstage. Match your favorite songs with cannabis strains for an unparalleled listening journey.

Intuitive Control: Effortlessly fine-tune your audio settings and explore Vukaya's extensive strain library, all at your fingertips.

Immersive Sound: Immerse yourself in the power of sound with our dynamic equalizers and advanced audio technologies.

Therapeutic Playlists: Explore a curated collection of therapeutic music specially crafted to enhance the benefits of your cannabis experience.

Secure and Private: Your data and preferences are safeguarded with state-of-the-art security and privacy features.

Experience the synergy of sound and wellness with Vukaya. Download now and unlock a new dimension of audio pleasure.

Here is a link to our terms of use.

https://www.apple.com/legal/internet-services/itunes/dev/stdeula/",0.0,Entertainment,Digitalpassion Limited,,https://apps.apple.com/us/app/vukaya/id6468777028?uo=4
Brilliant LOVE,"Navigating the vast landscape of love and relationships can be challenging, but you're not alone. Welcome to Brilliant LOVE, a trailblazing mobile app leveraging advanced AI-powered technology designed to assist you in all matters of the heart.

Brilliant LOVE is your empathetic companion that's there for you 24/7, providing insightful advice, tools, and resources for handling love challenges and relationship dilemmas. Whether you're dealing with a complicated relationship, exploring the dating world, or nurturing a long-term partnership, Brilliant LOVE has got your back.

Key Features:
- Therapeutic Conversations: Our AI system engages you in thoughtful, supportive, and therapeutic conversations, helping you understand your emotions better and navigate challenging situations.

- Expert Love Advice: Need advice on love and relationships? Brilliant LOVE has you covered with its wealth of knowledge and understanding of various relationship dynamics and challenges.

- Predefined and Custom Topics: The app covers a broad spectrum of predefined topics, but it doesn't stop there. Feel free to ask any love-related question and get accurate, sensitive responses.

- Love Challenges & Dilemmas: Gain insights and practical tools to handle complex emotional challenges, from break-ups and conflicts to love dilemmas and dating issues.
Interactive Engagement: Enjoy interactive dialogues with our AI that evolve as you delve deeper into your emotions and relationship queries.

- Confidential Support: Your privacy is our priority. All conversations within Brilliant LOVE are confidential, providing a safe space for you to express your feelings and concerns.

With Brilliant LOVE, you have a caring confidant, a soothing therapist, and a reliable guide all rolled into one. This app ensures you never feel alone in your journey of love and relationships, providing compassionate support and expert advice whenever you need it.

You can use ready-made queries to the assistant by buying premium subscriptions, but rest assured if you don't have one, you can always manually write a question

When you buy premium you get:
- Unlock no ads
- More developed assistant responses
- Ability to save conversations
- Access to list of ready queries to assistant

Explore Brilliant LOVE today, and turn your love challenges into opportunities for personal growth and deeper understanding.

Terms of Use: https://www.apple.com/legal/internet-services/itunes/dev/stdeula/",5.0,Lifestyle,Brilliant AI LLC,,https://apps.apple.com/us/app/brilliant-love/id6471915141?uo=4
